date,latitude,longitude,depth,magnitude,magnitude_type,MD,ML,Mw,Ms,location,provider
2025-11-20T21:03:22,38.6147,30.5735,8.2,1.5,ML,,1.5,,,BELKARACAOREN-(AFYONKARAHISAR),KOERI
2025-11-20T20:48:24,40.7488,36.5578,6.1,1.3,ML,,1.3,,,KALEKOY-ERBAA (TOKAT),KOERI
2025-11-20T20:41:39,39.2023,28.1178,18.7,1.1,ML,,1.1,,,KERTIL-SINDIRGI (BALIKESIR),KOERI
2025-11-20T20:38:32,38.3165,27.8133,13.1,1.9,ML,,1.9,,,KIZILKECILI-BAYINDIR (IZMIR),KOERI
2025-11-20T20:20:38,39.2135,28.1403,7.6,1.4,ML,,1.4,,,MANDIRA-SINDIRGI (BALIKESIR),KOERI
2025-11-20T20:02:45,39.2285,28.1068,9.9,1.8,ML,,1.8,,,BAYIRLI-SINDIRGI (BALIKESIR),KOERI
2025-11-20T19:55:45,40.582,27.4225,15.3,1.5,ML,,1.5,,,EKINLIK-MARMARA (BALIKESIR),KOERI
2025-11-20T19:51:55,40.5605,27.4282,17.8,1.5,ML,,1.5,,,EKINLIK-MARMARA (BALIKESIR),KOERI
2025-11-20T19:39:52,39.1508,28.2865,8.9,1.7,ML,,1.7,,,YUREGIL-SINDIRGI (BALIKESIR),KOERI
2025-11-20T19:18:32,39.1822,28.306,5.1,1.6,ML,,1.6,,,BUYUKDAGDERE-SINDIRGI (BALIKESIR),KOERI
2025-11-20T18:57:46,39.1877,28.173,14.4,1.6,ML,,1.6,,,YAYLACIK-SINDIRGI (BALIKESIR),KOERI
2025-11-20T18:11:43,39.2257,28.1488,6.3,2.1,ML,,2.1,,,MANDIRA-SINDIRGI (BALIKESIR),KOERI
2025-11-20T18:02:03,36.1863,36.138,6.6,1.9,ML,,1.9,,,TURUNCLU-(HATAY),KOERI
2025-11-20T17:45:29,39.2275,28.1035,9.5,1.5,ML,,1.5,,,BAYIRLI-SINDIRGI (BALIKESIR),KOERI
2025-11-20T17:00:36,34.7935,32.591,14.2,2.8,ML,,2.8,,,KIBRIS RUM KESIMI,KOERI
2025-11-20T16:56:08,39.1762,28.2907,11.5,2.0,ML,,2.0,,,ISIKLAR-SINDIRGI (BALIKESIR),KOERI
2025-11-20T16:45:52,38.9397,28.302,9.6,1.2,ML,,1.2,,,GORDES (MANISA),KOERI
2025-11-20T16:36:45,39.3627,28.0862,2.3,2.2,ML,,2.2,,,YURUCEKLER-BIGADIC (BALIKESIR),KOERI
2025-11-20T16:16:15,39.1405,28.1043,26.7,0.9,ML,,0.9,,,SINANDEDE-SINDIRGI (BALIKESIR),KOERI
2025-11-20T16:15:20,39.1438,28.2667,18.6,1.3,ML,,1.3,,,BAYRAKLI-SINDIRGI (BALIKESIR),KOERI
2025-11-20T16:14:15,39.1835,28.2583,13.3,2.2,ML,,2.2,,,ISIKLAR-SINDIRGI (BALIKESIR),KOERI
2025-11-20T16:11:17,38.6542,28.773,26.8,1.5,ML,,1.5,,,SEHITLIOGLU-KULA (MANISA),KOERI
2025-11-20T16:09:10,39.2115,28.1473,9.3,2.1,ML,,2.1,,,MANDIRA-SINDIRGI (BALIKESIR),KOERI
2025-11-20T15:59:45,35.8158,29.7983,8.2,2.5,ML,,2.5,,,AKDENIZ,KOERI
2025-11-20T15:43:52,39.2382,28.1428,6.7,1.8,ML,,1.8,,,MANDIRA-SINDIRGI (BALIKESIR),KOERI
2025-11-20T15:32:29,39.1008,28.0227,14.7,1.5,ML,,1.5,,,SAGRAKCI-AKHISAR (MANISA),KOERI
2025-11-20T15:27:36,39.1725,28.2248,10.8,2.8,ML,,2.8,,,BAYRAKLI-SINDIRGI (BALIKESIR),KOERI
2025-11-20T15:22:13,39.1872,28.1248,12.0,1.3,ML,,1.3,,,ORMANICI-SINDIRGI (BALIKESIR),KOERI
2025-11-20T14:42:38,39.214,28.1245,7.7,1.8,ML,,1.8,,,BAYIRLI-SINDIRGI (BALIKESIR),KOERI
2025-11-20T14:37:11,39.0667,28.1548,21.8,1.2,ML,,1.2,,,HANPASA-AKHISAR (MANISA),KOERI
2025-11-20T14:23:26,36.5618,34.5245,29.6,3.5,ML,,3.5,3.3,,MERSIN ACIKLARI-MERSIN (AKDENIZ),KOERI
2025-11-20T14:09:50,39.0882,28.1282,19.2,0.8,ML,,0.8,,,HANPASA-AKHISAR (MANISA),KOERI
2025-11-20T13:58:44,38.2473,28.0873,23.8,1.3,ML,,1.3,,,UCKONAK-ODEMIS (IZMIR),KOERI
2025-11-20T13:49:39,39.2477,29.0403,5.0,1.2,ML,,1.2,,,KATRANDAGI-EMET (KUTAHYA),KOERI
2025-11-20T13:37:59,37.117,36.6152,6.3,2.4,ML,,2.4,,,KUSCUMUSTAFA-ISLAHIYE (GAZIANTEP),KOERI
2025-11-20T13:36:25,39.0297,28.244,12.2,1.5,ML,,1.5,,,BEGEL-GORDES (MANISA),KOERI
2025-11-20T13:34:54,37.1307,36.7282,7.5,2.1,ML,,2.1,,,KARABURCLU-NURDAGI (GAZIANTEP),KOERI
2025-11-20T13:32:38,39.0723,28.3197,17.3,1.4,ML,,1.4,,,MALAZ-GORDES (MANISA),KOERI
2025-11-20T13:30:56,39.1965,28.293,14.8,1.5,ML,,1.5,,,ASLANDEDE-SINDIRGI (BALIKESIR),KOERI
2025-11-20T13:22:16,39.2227,28.1303,10.5,2.3,ML,,2.3,,,MANDIRA-SINDIRGI (BALIKESIR),KOERI
2025-11-20T13:16:54,39.2105,27.9605,7.5,2.0,ML,,2.0,,,HACET-KIRKAGAC (MANISA),KOERI
2025-11-20T12:57:20,39.1667,28.3058,12.8,1.3,ML,,1.3,,,KUCUKDAGDERE-SINDIRGI (BALIKESIR),KOERI
2025-11-20T12:56:54,39.1963,28.1572,16.0,1.6,ML,,1.6,,,YAYLACIK-SINDIRGI (BALIKESIR),KOERI
2025-11-20T12:46:14,39.1718,28.3062,16.7,1.8,ML,,1.8,,,KUCUKDAGDERE-SINDIRGI (BALIKESIR),KOERI
2025-11-20T12:32:30,37.112,36.6555,5.0,3.1,ML,,3.1,3.0,,FEVZIPASA-ISLAHIYE (GAZIANTEP),KOERI
2025-11-20T12:29:41,37.153,36.696,7.1,1.9,ML,,1.9,,,KARABURCLU-NURDAGI (GAZIANTEP),KOERI
2025-11-20T12:27:24,37.2097,36.5223,5.4,1.8,ML,,1.8,,,ORENCIK-BAHCE (OSMANIYE),KOERI
2025-11-20T12:25:05,39.1698,28.2925,13.2,1.3,ML,,1.3,,,ISIKLAR-SINDIRGI (BALIKESIR),KOERI
2025-11-20T12:21:25,39.0747,28.3002,10.7,1.5,ML,,1.5,,,MALAZ-GORDES (MANISA),KOERI
2025-11-20T12:19:00,37.084,36.6787,7.5,3.5,ML,,3.5,3.4,,ZINCIRLI-ISLAHIYE (GAZIANTEP),KOERI
2025-11-20T12:14:31,39.1798,28.2887,11.2,3.0,ML,,3.0,2.8,,ISIKLAR-SINDIRGI (BALIKESIR),KOERI
2025-11-20T12:12:43,39.1917,28.282,5.0,3.5,ML,,3.5,3.3,,ISIKLAR-SINDIRGI (BALIKESIR),KOERI
2025-11-20T12:10:08,39.1793,28.2712,9.6,1.6,ML,,1.6,,,ISIKLAR-SINDIRGI (BALIKESIR),KOERI
2025-11-20T12:09:07,37.1237,36.6437,8.4,4.4,ML,,4.4,4.4,,FEVZIPASA-ISLAHIYE (GAZIANTEP),KOERI
2025-11-20T12:08:16,39.2457,28.186,16.9,1.7,ML,,1.7,,,SINDIRGI (BALIKESIR),KOERI
2025-11-20T11:59:39,39.098,27.9967,4.9,1.6,ML,,1.6,,,SARILAR-AKHISAR (MANISA),KOERI
2025-11-20T11:31:49,39.2415,28.167,13.9,1.5,ML,,1.5,,,SINDIRGI (BALIKESIR),KOERI
2025-11-20T11:13:01,39.2172,28.205,5.3,1.2,ML,,1.2,,,PURSUNLER-SINDIRGI (BALIKESIR),KOERI
2025-11-20T11:06:22,39.1465,28.2037,8.0,1.2,ML,,1.2,,,AKTAS-SINDIRGI (BALIKESIR),KOERI
2025-11-20T10:49:48,39.1645,28.1973,16.2,1.4,ML,,1.4,,,AKTAS-SINDIRGI (BALIKESIR),KOERI
2025-11-20T10:26:00,39.1403,28.2858,9.0,2.0,ML,,2.0,,,YUREGIL-SINDIRGI (BALIKESIR),KOERI
2025-11-20T09:53:08,40.7997,27.487,3.1,0.9,ML,,0.9,,,YENIKOY ACIKLARI-TEKIRDAG (MARMARA DENIZI),KOERI
2025-11-20T09:51:40,39.0533,28.2738,4.9,1.7,ML,,1.7,,,MALAZ-GORDES (MANISA),KOERI
2025-11-20T09:12:02,34.8733,32.8412,17.9,1.8,ML,,1.8,,,AKDENIZ,KOERI
2025-11-20T08:12:35,39.1273,28.3145,10.3,1.6,ML,,1.6,,,YUREGIL-SINDIRGI (BALIKESIR),KOERI
2025-11-20T08:02:15,39.2447,28.0867,6.4,1.6,ML,,1.6,,,KOZLU-SINDIRGI (BALIKESIR),KOERI
2025-11-20T07:59:34,39.2232,28.0048,14.4,1.6,ML,,1.6,,,SAHINKAYA-SINDIRGI (BALIKESIR),KOERI
2025-11-20T07:29:37,39.0597,28.2417,13.4,3.3,ML,,3.3,3.1,,DUTLUCA-GORDES (MANISA),KOERI
2025-11-20T07:27:40,39.2267,28.0292,14.4,3.0,ML,,3.0,2.8,,ALAKIR-SINDIRGI (BALIKESIR),KOERI
2025-11-20T07:23:42,40.8287,28.3813,14.1,1.7,ML,,1.7,,,MARMARA DENIZI,KOERI
2025-11-20T07:20:17,40.8102,28.3712,1.6,1.9,ML,,1.9,,,MARMARA DENIZI,KOERI
2025-11-20T07:07:45,39.1823,28.2975,7.6,1.3,ML,,1.3,,,BUYUKDAGDERE-SINDIRGI (BALIKESIR),KOERI
2025-11-20T07:05:32,39.1295,28.3417,15.1,1.3,ML,,1.3,,,YAYLABAYIR-SINDIRGI (BALIKESIR),KOERI
2025-11-20T06:59:52,37.561,29.7933,9.9,1.8,ML,,1.8,,,KAVAK-YESILOVA (BURDUR),KOERI
2025-11-20T06:45:15,38.2145,42.2558,5.0,2.0,ML,,2.0,,,BOZPINAR-HIZAN (BITLIS),KOERI
2025-11-20T06:21:36,38.5937,30.5903,4.7,1.5,ML,,1.5,,,AGZIKARA-SUHUT (AFYONKARAHISAR),KOERI
2025-11-20T06:17:59,37.3487,37.1002,4.6,1.8,ML,,1.8,,,SARIERIK-PAZARCIK (KAHRAMANMARAS),KOERI
2025-11-20T06:07:14,39.2415,28.134,14.8,1.5,ML,,1.5,,,MANDIRA-SINDIRGI (BALIKESIR),KOERI
2025-11-20T05:58:07,39.1595,28.2443,16.5,1.8,ML,,1.8,,,BAYRAKLI-SINDIRGI (BALIKESIR),KOERI
2025-11-20T05:53:43,39.143,28.2043,9.7,1.4,ML,,1.4,,,AKTAS-SINDIRGI (BALIKESIR),KOERI
2025-11-20T05:43:13,36.3617,28.669,9.5,1.4,ML,,1.4,,,AKDENIZ,KOERI
2025-11-20T05:20:09,39.184,28.2313,7.6,1.7,ML,,1.7,,,ILICA-SINDIRGI (BALIKESIR),KOERI
2025-11-20T04:54:15,39.2103,27.9447,4.2,1.4,ML,,1.4,,,DUALAR-KIRKAGAC (MANISA),KOERI
2025-11-20T04:36:02,40.8105,28.375,12.3,2.4,ML,,2.4,,,MARMARA DENIZI,KOERI
2025-11-20T04:01:17,39.2025,28.0693,11.6,2.6,ML,,2.6,,,KERTIL-SINDIRGI (BALIKESIR),KOERI
2025-11-20T03:52:01,39.177,28.2315,12.7,1.7,ML,,1.7,,,BAYRAKLI-SINDIRGI (BALIKESIR),KOERI
2025-11-20T03:39:36,38.1285,36.923,3.6,2.8,ML,,2.8,,,KEMALPASA-GOKSUN (KAHRAMANMARAS),KOERI
2025-11-20T03:39:00,39.2143,28.1742,13.6,1.4,ML,,1.4,,,YAYLACIK-SINDIRGI (BALIKESIR),KOERI
2025-11-20T03:37:10,39.0692,28.2372,14.1,1.4,ML,,1.4,,,CICEKLI-GORDES (MANISA),KOERI
2025-11-20T03:35:14,39.1725,28.21,13.6,2.1,ML,,2.1,,,AKTAS-SINDIRGI (BALIKESIR),KOERI
2025-11-20T03:30:50,39.1537,28.2677,18.7,1.5,ML,,1.5,,,BAYRAKLI-SINDIRGI (BALIKESIR),KOERI
2025-11-20T02:57:16,39.1213,28.274,8.1,1.7,ML,,1.7,,,YUREGIL-SINDIRGI (BALIKESIR),KOERI
2025-11-20T02:15:40,39.2132,28.8013,12.4,1.4,ML,,1.4,,,EFIR-SIMAV (KUTAHYA),KOERI
2025-11-20T02:08:44,39.2218,28.1242,8.4,1.6,ML,,1.6,,,BAYIRLI-SINDIRGI (BALIKESIR),KOERI
2025-11-20T02:07:47,39.18,28.3035,12.3,1.6,ML,,1.6,,,BUYUKDAGDERE-SINDIRGI (BALIKESIR),KOERI
2025-11-20T01:59:43,39.1638,28.1975,13.5,1.5,ML,,1.5,,,AKTAS-SINDIRGI (BALIKESIR),KOERI
2025-11-20T01:52:09,39.1385,28.299,16.4,2.4,ML,,2.4,,,YUREGIL-SINDIRGI (BALIKESIR),KOERI
2025-11-20T01:42:32,37.9908,27.1373,14.7,1.4,ML,,1.4,,,KUSADASI KORFEZI (EGE DENIZI),KOERI
2025-11-20T01:35:11,39.1903,28.135,12.9,1.2,ML,,1.2,,,ORMANICI-SINDIRGI (BALIKESIR),KOERI
2025-11-20T01:23:08,38.2873,27.1968,7.7,2.6,ML,,2.6,,,KISIK-MENDERES (IZMIR),KOERI
2025-11-20T01:12:18,39.0995,28.3023,16.1,1.6,ML,,1.6,,,YUREGIL-SINDIRGI (BALIKESIR),KOERI
2025-11-20T00:57:48,39.2032,28.1287,9.6,1.2,ML,,1.2,,,ORMANICI-SINDIRGI (BALIKESIR),KOERI
2025-11-20T00:43:08,38.458,37.3155,21.2,1.3,ML,,1.3,,,AKARCA-ELBISTAN (KAHRAMANMARAS),KOERI
2025-11-20T00:42:39,39.1537,28.2528,17.4,2.0,ML,,2.0,,,BAYRAKLI-SINDIRGI (BALIKESIR),KOERI
2025-11-20T00:31:10,39.2338,28.1408,7.9,2.6,ML,,2.6,,,MANDIRA-SINDIRGI (BALIKESIR),KOERI
2025-11-20T00:17:45,39.0142,28.2455,2.1,1.4,ML,,1.4,,,BEGEL-GORDES (MANISA),KOERI
2025-11-20T00:09:34,39.2463,28.1583,9.6,1.3,ML,,1.3,,,SINDIRGI (BALIKESIR),KOERI
2025-11-20T00:09:27,34.727,32.5312,10.4,2.7,ML,,2.7,,,AKDENIZ,KOERI
2025-11-20T00:06:38,39.1915,28.2132,9.5,1.3,ML,,1.3,,,ILICA-SINDIRGI (BALIKESIR),KOERI
2025-11-20T00:04:43,39.0258,28.2062,4.6,1.7,ML,,1.7,,,KALEMOGLU-GORDES (MANISA),KOERI
2025-11-19T23:59:49,39.1567,28.3135,9.2,1.4,ML,,1.4,,,KUCUKDAGDERE-SINDIRGI (BALIKESIR),KOERI
2025-11-19T23:57:11,39.1563,28.2903,12.6,2.5,ML,,2.5,,,ISIKLAR-SINDIRGI (BALIKESIR),KOERI
2025-11-19T23:52:56,39.0702,28.2667,12.3,1.3,ML,,1.3,,,DUTLUCA-GORDES (MANISA),KOERI
2025-11-19T23:34:40,39.2302,28.9602,4.1,1.8,ML,,1.8,,,YEMISLI-SIMAV (KUTAHYA),KOERI
2025-11-19T23:30:00,39.1505,28.2795,15.7,1.4,ML,,1.4,,,YUREGIL-SINDIRGI (BALIKESIR),KOERI
2025-11-19T23:26:52,36.3618,28.623,16.9,1.7,ML,,1.7,,,AKDENIZ,KOERI
2025-11-19T23:21:18,39.1838,28.1452,9.7,1.5,ML,,1.5,,,ORMANICI-SINDIRGI (BALIKESIR),KOERI
2025-11-19T23:08:07,39.132,28.3192,18.4,1.5,ML,,1.5,,,YUREGIL-SINDIRGI (BALIKESIR),KOERI
2025-11-19T22:49:53,39.2278,28.1557,8.1,1.6,ML,,1.6,,,MANDIRA-SINDIRGI (BALIKESIR),KOERI
2025-11-19T22:46:30,38.6253,43.34,24.0,2.3,ML,,2.3,,,YENIKOSK-(VAN),KOERI
2025-11-19T22:45:54,39.2367,29.0452,2.7,1.3,ML,,1.3,,,KATRANDAGI-EMET (KUTAHYA),KOERI
2025-11-19T22:44:51,38.3665,37.423,5.0,1.9,ML,,1.9,,,YALINTAS-ELBISTAN (KAHRAMANMARAS),KOERI
2025-11-19T22:33:14,35.025,25.9555,7.3,2.5,ML,,2.5,,,GIRIT ADASI (AKDENIZ),KOERI
2025-11-19T22:31:29,39.2595,28.1215,7.5,1.8,ML,,1.8,,,IBILLER-SINDIRGI (BALIKESIR),KOERI
2025-11-19T22:29:58,39.1268,28.3335,5.1,1.7,ML,,1.7,,,YUREGIL-SINDIRGI (BALIKESIR),KOERI
2025-11-19T22:27:31,39.2007,28.1592,11.0,1.9,ML,,1.9,,,YAYLACIK-SINDIRGI (BALIKESIR),KOERI
2025-11-19T22:25:42,38.5525,37.21,5.0,2.0,ML,,2.0,,,YAPILI-ELBISTAN (KAHRAMANMARAS),KOERI
2025-11-19T21:56:17,35.9542,28.5622,15.5,1.9,ML,,1.9,,,AKDENIZ,KOERI
2025-11-19T21:45:59,38.4407,37.2907,13.4,1.6,ML,,1.6,,,AKARCA-ELBISTAN (KAHRAMANMARAS),KOERI
2025-11-19T21:28:18,39.1928,28.1827,12.6,1.6,ML,,1.6,,,YAYLACIK-SINDIRGI (BALIKESIR),KOERI
2025-11-19T21:24:06,39.1325,28.2927,11.2,1.5,ML,,1.5,,,YUREGIL-SINDIRGI (BALIKESIR),KOERI
2025-11-19T21:14:01,39.1937,28.1855,12.2,1.4,ML,,1.4,,,YAYLACIK-SINDIRGI (BALIKESIR),KOERI
2025-11-19T21:09:45,39.1838,28.1805,9.2,1.3,ML,,1.3,,,YAYLACIK-SINDIRGI (BALIKESIR),KOERI
2025-11-19T21:00:26,39.2622,28.148,7.9,2.1,ML,,2.1,,,IBILLER-SINDIRGI (BALIKESIR),KOERI
2025-11-19T20:44:28,39.1317,28.3243,9.9,1.9,ML,,1.9,,,YUREGIL-SINDIRGI (BALIKESIR),KOERI
2025-11-19T20:37:56,39.2072,28.189,9.9,1.3,ML,,1.3,,,YAYLACIK-SINDIRGI (BALIKESIR),KOERI
2025-11-19T20:28:22,34.9635,25.9325,5.0,3.9,ML,,3.7,3.9,,GIRIT ADASI (AKDENIZ),KOERI
2025-11-19T20:25:33,39.171,28.3302,13.1,1.8,ML,,1.8,,,KUCUKDAGDERE-SINDIRGI (BALIKESIR),KOERI
2025-11-19T20:21:44,38.2283,27.9078,1.0,1.5,ML,,1.5,,,YENIKOY-ODEMIS (IZMIR),KOERI
2025-11-19T20:17:57,39.2138,28.1972,9.5,1.8,ML,,1.8,,,PURSUNLER-SINDIRGI (BALIKESIR),KOERI
2025-11-19T20:15:18,39.1933,28.1825,10.8,1.6,ML,,1.6,,,YAYLACIK-SINDIRGI (BALIKESIR),KOERI
2025-11-19T19:45:46,36.9023,36.728,8.8,1.7,ML,,1.7,,,YESEMEK-ISLAHIYE (GAZIANTEP),KOERI
2025-11-19T19:44:07,41.4705,32.5592,5.4,2.3,ML,,2.3,,,CEYUPLER-ULUS (BARTIN),KOERI
2025-11-19T19:40:48,39.145,28.2945,10.8,1.8,ML,,1.8,,,YUREGIL-SINDIRGI (BALIKESIR),KOERI
2025-11-19T19:39:59,39.05,28.2712,11.8,1.9,ML,,1.9,,,MALAZ-GORDES (MANISA),KOERI
2025-11-19T19:34:29,39.2278,28.1645,10.6,1.7,ML,,1.7,,,SINDIRGI (BALIKESIR),KOERI
2025-11-19T19:25:34,39.2202,28.181,11.0,1.7,ML,,1.7,,,YAYLACIK-SINDIRGI (BALIKESIR),KOERI
2025-11-19T19:15:41,39.1123,28.118,12.9,1.5,ML,,1.5,,,HANPASA-AKHISAR (MANISA),KOERI
2025-11-19T19:08:36,39.2235,28.1437,10.4,1.2,ML,,1.2,,,MANDIRA-SINDIRGI (BALIKESIR),KOERI
2025-11-19T19:05:00,38.2972,37.6885,16.0,1.3,ML,,1.3,,,HARUNUSAGI-AKCADAG (MALATYA),KOERI
2025-11-19T19:04:25,38.9995,29.1438,9.9,1.5,ML,,1.5,,,PAZARLAR (KUTAHYA),KOERI
2025-11-19T18:52:42,39.2132,28.1317,13.3,2.0,ML,,2.0,,,MANDIRA-SINDIRGI (BALIKESIR),KOERI
2025-11-19T18:51:05,40.8038,27.8695,7.1,2.9,ML,,2.9,,,MARMARA DENIZI,KOERI
2025-11-19T18:50:23,34.9595,25.9845,12.7,2.2,ML,,2.2,,,GIRIT ADASI (AKDENIZ),KOERI
2025-11-19T18:49:32,39.1343,28.2318,16.9,1.4,ML,,1.4,,,BAYRAKLI-SINDIRGI (BALIKESIR),KOERI
2025-11-19T18:41:02,39.209,28.0892,7.3,1.5,ML,,1.5,,,KERTIL-SINDIRGI (BALIKESIR),KOERI
2025-11-19T18:39:46,39.2083,28.1272,8.5,2.1,ML,,2.1,,,KERTIL-SINDIRGI (BALIKESIR),KOERI
2025-11-19T18:36:37,39.1288,28.149,10.8,1.3,ML,,1.3,,,SINANDEDE-SINDIRGI (BALIKESIR),KOERI
2025-11-19T18:27:20,36.7613,28.3212,54.1,1.6,ML,,1.6,,,GUNLUCE ACIKLARI-MUGLA (AKDENIZ),KOERI
2025-11-19T18:20:52,39.1223,28.3605,11.4,1.6,ML,,1.6,,,YAYLABAYIR-SINDIRGI (BALIKESIR),KOERI
2025-11-19T18:06:46,39.2987,40.2602,6.4,2.1,ML,,2.1,,,CICEKTEPE-KIGI (BINGOL),KOERI
2025-11-19T17:14:54,35.1028,25.9237,5.0,3.9,ML,,3.7,3.9,,GIRIT ADASI (AKDENIZ),KOERI
2025-11-19T16:39:02,38.1188,28.9503,9.2,1.5,ML,,1.5,,,HAMDIYE-GUNEY (DENIZLI),KOERI
2025-11-19T16:36:29,39.2295,28.1167,10.2,1.1,ML,,1.1,,,BAYIRLI-SINDIRGI (BALIKESIR),KOERI
2025-11-19T16:31:57,40.8022,27.4785,4.8,1.0,ML,,1.0,,,YENIKOY ACIKLARI-TEKIRDAG (MARMARA DENIZI),KOERI
2025-11-19T16:31:30,40.811,27.5307,16.6,1.4,ML,,1.4,,,YENIKOY ACIKLARI-TEKIRDAG (MARMARA DENIZI),KOERI
2025-11-19T16:26:11,39.0627,28.257,12.2,1.6,ML,,1.6,,,DUTLUCA-GORDES (MANISA),KOERI
2025-11-19T16:24:07,39.1668,28.2588,9.9,2.1,ML,,2.1,,,BAYRAKLI-SINDIRGI (BALIKESIR),KOERI
2025-11-19T16:03:53,39.1542,28.212,11.1,1.2,ML,,1.2,,,AKTAS-SINDIRGI (BALIKESIR),KOERI
2025-11-19T15:54:42,38.0393,38.2372,9.9,2.0,ML,,2.0,,,CELIKHAN (ADIYAMAN),KOERI
2025-11-19T15:46:50,39.1897,28.1667,13.4,2.4,ML,,2.4,,,YAYLACIK-SINDIRGI (BALIKESIR),KOERI
2025-11-19T15:42:43,39.2217,28.177,5.1,1.2,ML,,1.2,,,YAYLACIK-SINDIRGI (BALIKESIR),KOERI
2025-11-19T15:37:57,39.2138,28.1565,5.2,1.3,ML,,1.3,,,YAYLACIK-SINDIRGI (BALIKESIR),KOERI
2025-11-19T15:35:54,39.1508,28.3157,5.2,1.4,ML,,1.4,,,KUCUKDAGDERE-SINDIRGI (BALIKESIR),KOERI
2025-11-19T15:26:48,39.1937,28.2775,8.9,1.9,ML,,1.9,,,ISIKLAR-SINDIRGI (BALIKESIR),KOERI
2025-11-19T15:25:14,39.1922,28.2702,15.9,3.4,ML,,3.4,3.3,,ISIKLAR-SINDIRGI (BALIKESIR),KOERI
2025-11-19T15:08:24,39.1765,28.304,7.6,1.9,ML,,1.9,,,BUYUKDAGDERE-SINDIRGI (BALIKESIR),KOERI
2025-11-19T15:03:46,38.4968,39.164,5.2,2.0,ML,,2.0,,,DEDEPINARI (ELAZIG),KOERI
2025-11-19T15:00:20,38.4325,39.1623,25.7,1.3,ML,,1.3,,,KAVAKKOY-SIVRICE (ELAZIG),KOERI
2025-11-19T14:54:23,38.5502,39.1975,12.9,1.3,ML,,1.3,,,BALLICA (ELAZIG),KOERI
2025-11-19T14:28:35,37.7888,28.011,0.0,1.6,ML,,1.6,,,KARAHAYIT (AYDIN),KOERI
2025-11-19T14:22:33,40.4183,28.8787,5.2,1.1,ML,,1.1,,,GEMLIK KORFEZI (MARMARA DENIZI),KOERI
2025-11-19T14:15:58,39.0542,40.4425,3.6,1.5,ML,,1.5,,,SUDUGUNU (BINGOL),KOERI
2025-11-19T13:55:56,40.8043,27.5228,3.1,1.4,ML,,1.4,,,YENIKOY ACIKLARI-TEKIRDAG (MARMARA DENIZI),KOERI
2025-11-19T13:55:24,40.7878,27.481,2.4,1.2,ML,,1.2,,,YENIKOY ACIKLARI-TEKIRDAG (MARMARA DENIZI),KOERI
2025-11-19T13:47:12,38.112,36.6203,5.9,2.0,ML,,2.0,,,KANLIKAVAK-GOKSUN (KAHRAMANMARAS),KOERI
2025-11-19T13:38:19,39.1958,28.2035,16.8,2.1,ML,,2.1,,,YAYLACIK-SINDIRGI (BALIKESIR),KOERI
2025-11-19T13:30:27,39.1985,28.8728,3.7,1.4,ML,,1.4,,,AKDAG-SIMAV (KUTAHYA),KOERI
2025-11-19T13:29:30,39.2322,29.0673,12.8,1.6,ML,,1.6,,,KATRANDAGI-EMET (KUTAHYA),KOERI
2025-11-19T13:27:56,35.1992,33.2878,5.0,1.2,ML,,1.2,,,KIBRIS-LEFKOSA,KOERI
2025-11-19T13:08:05,39.1763,28.1657,11.7,1.4,ML,,1.4,,,SINANDEDE-SINDIRGI (BALIKESIR),KOERI
2025-11-19T12:40:40,39.2435,28.9722,15.9,1.2,ML,,1.2,,,YEMISLI-SIMAV (KUTAHYA),KOERI
2025-11-19T12:38:11,39.2475,28.1047,9.2,2.3,ML,,2.3,,,KOZLU-SINDIRGI (BALIKESIR),KOERI
2025-11-19T12:15:28,39.1667,28.227,9.0,1.7,ML,,1.7,,,BAYRAKLI-SINDIRGI (BALIKESIR),KOERI
2025-11-19T12:11:41,39.0632,28.2522,12.1,1.5,ML,,1.5,,,DUTLUCA-GORDES (MANISA),KOERI
2025-11-19T12:09:10,39.2077,28.1405,9.3,2.3,ML,,2.3,,,MANDIRA-SINDIRGI (BALIKESIR),KOERI
2025-11-19T12:06:05,39.1702,28.2512,14.3,1.3,ML,,1.3,,,BAYRAKLI-SINDIRGI (BALIKESIR),KOERI
2025-11-19T11:55:34,39.1953,28.1892,10.5,1.8,ML,,1.8,,,YAYLACIK-SINDIRGI (BALIKESIR),KOERI
2025-11-19T11:54:22,39.1545,28.1578,11.8,1.5,ML,,1.5,,,SINANDEDE-SINDIRGI (BALIKESIR),KOERI
2025-11-19T11:53:57,38.0917,36.6482,8.6,2.2,ML,,2.2,,,KANLIKAVAK-GOKSUN (KAHRAMANMARAS),KOERI
2025-11-19T11:49:19,39.2372,28.1107,6.0,1.6,ML,,1.6,,,BAYIRLI-SINDIRGI (BALIKESIR),KOERI
2025-11-19T11:49:06,38.0897,28.9498,18.0,1.5,ML,,1.5,,,HAMDIYE-GUNEY (DENIZLI),KOERI
2025-11-19T11:37:32,39.054,28.2598,14.6,1.3,ML,,1.3,,,DUTLUCA-GORDES (MANISA),KOERI
2025-11-19T11:35:31,39.2197,28.2872,22.8,1.4,ML,,1.4,,,ASLANDEDE-SINDIRGI (BALIKESIR),KOERI
2025-11-19T11:20:49,39.2673,29.0192,5.1,1.7,ML,,1.7,,,YESILDERE-SIMAV (KUTAHYA),KOERI
2025-11-19T11:17:23,40.8013,27.4753,5.4,1.4,ML,,1.4,,,YENIKOY (TEKIRDAG),KOERI
2025-11-19T11:09:32,39.1332,28.3322,5.0,1.3,ML,,1.3,,,YUREGIL-SINDIRGI (BALIKESIR),KOERI
2025-11-19T11:01:30,39.1595,28.2783,8.2,1.3,ML,,1.3,,,ISIKLAR-SINDIRGI (BALIKESIR),KOERI
2025-11-19T10:48:33,38.1345,36.625,8.4,1.7,ML,,1.7,,,YENIYAPAN-GOKSUN (KAHRAMANMARAS),KOERI
2025-11-19T10:34:24,39.0485,28.2853,15.8,0.8,ML,,0.8,,,MALAZ-GORDES (MANISA),KOERI
2025-11-19T10:08:07,39.1972,28.2222,10.3,1.3,ML,,1.3,,,ILICA-SINDIRGI (BALIKESIR),KOERI
2025-11-19T10:05:21,39.2548,28.1865,8.0,1.2,ML,,1.2,,,CAYGOREN-SINDIRGI (BALIKESIR),KOERI
2025-11-19T10:04:31,39.1438,28.1662,11.7,1.3,ML,,1.3,,,AKTAS-SINDIRGI (BALIKESIR),KOERI
2025-11-19T09:36:06,39.2043,28.1435,9.8,1.9,ML,,1.9,,,ORMANICI-SINDIRGI (BALIKESIR),KOERI
2025-11-19T09:34:44,37.771,36.3498,13.1,1.6,ML,,1.6,,,CIGSAR-ANDIRIN (KAHRAMANMARAS),KOERI
2025-11-19T09:33:36,39.2395,29.0368,11.0,2.0,ML,,2.0,,,KATRANDAGI-EMET (KUTAHYA),KOERI
2025-11-19T09:33:23,39.1692,28.2415,14.2,2.2,ML,,2.2,,,BAYRAKLI-SINDIRGI (BALIKESIR),KOERI
2025-11-19T09:29:23,37.1428,27.9342,0.0,1.7,ML,,1.7,,,SEKKOY-MILAS (MUGLA),KOERI
2025-11-19T09:24:54,36.3458,28.7215,8.2,2.0,ML,,2.0,,,AKDENIZ,KOERI
2025-11-19T09:19:57,39.0672,28.253,16.0,2.3,ML,,2.3,,,DUTLUCA-GORDES (MANISA),KOERI
2025-11-19T09:18:36,39.0377,28.2868,9.0,1.4,ML,,1.4,,,MALAZ-GORDES (MANISA),KOERI
2025-11-19T09:05:36,39.0528,27.9855,5.0,1.3,ML,,1.3,,,BASLAMIS-AKHISAR (MANISA),KOERI
2025-11-19T09:04:32,39.1638,28.1785,11.8,1.5,ML,,1.5,,,AKTAS-SINDIRGI (BALIKESIR),KOERI
2025-11-19T08:56:40,39.2452,27.8485,10.6,1.2,ML,,1.2,,,KUYUCAK-KIRKAGAC (MANISA),KOERI
2025-11-19T08:47:29,38.9045,28.0307,16.6,1.1,ML,,1.1,,,YAYAKIRILDIK-AKHISAR (MANISA),KOERI
2025-11-19T08:37:18,40.2582,24.1213,10.7,1.7,ML,,1.7,,,YUNANISTAN,KOERI
2025-11-19T08:35:01,38.2718,37.039,5.4,2.1,ML,,2.1,,,KUSKAYASI-AFSIN (KAHRAMANMARAS),KOERI
2025-11-19T08:27:07,34.6743,32.5913,22.6,2.3,ML,,2.3,,,AKDENIZ,KOERI
2025-11-19T08:04:45,39.1572,28.2363,12.2,1.3,ML,,1.3,,,BAYRAKLI-SINDIRGI (BALIKESIR),KOERI
2025-11-19T07:59:31,34.6593,32.4803,12.1,2.7,ML,,2.7,,,AKDENIZ,KOERI
2025-11-19T07:58:08,39.2172,28.9982,13.9,1.7,ML,,1.7,,,EGIRLER-SIMAV (KUTAHYA),KOERI
2025-11-19T07:46:31,39.2363,29.0357,12.0,1.2,ML,,1.2,,,KATRANDAGI-EMET (KUTAHYA),KOERI
2025-11-19T07:06:13,39.192,28.174,16.5,1.1,ML,,1.1,,,YAYLACIK-SINDIRGI (BALIKESIR),KOERI
2025-11-19T06:54:14,39.2255,28.067,14.4,1.6,ML,,1.6,,,ALAKIR-SINDIRGI (BALIKESIR),KOERI
2025-11-19T06:45:04,40.8132,35.7878,6.1,1.8,ML,,1.8,,,CUKUROREN-SULUOVA (AMASYA),KOERI
2025-11-19T06:42:29,39.2427,28.9537,5.4,1.4,ML,,1.4,,,YENILER-SIMAV (KUTAHYA),KOERI
2025-11-19T06:37:19,39.7763,38.6625,20.3,1.6,ML,,1.6,,,KOCKAYA-REFAHIYE (ERZINCAN),KOERI
2025-11-19T06:31:52,38.4422,39.2012,5.0,2.5,ML,,2.5,,,YEDIPINAR-SIVRICE (ELAZIG),KOERI
2025-11-19T06:16:41,38.1362,36.619,5.0,1.5,ML,,1.5,,,YENIYAPAN-GOKSUN (KAHRAMANMARAS),KOERI
2025-11-19T06:12:53,39.258,28.073,12.0,1.3,ML,,1.3,,,ALACAATLI-SINDIRGI (BALIKESIR),KOERI
2025-11-19T06:11:26,40.4765,37.0042,5.0,1.8,ML,,1.8,,,KOKLUCE-NIKSAR (TOKAT),KOERI
2025-11-19T06:06:57,39.0572,28.2843,12.1,1.2,ML,,1.2,,,MALAZ-GORDES (MANISA),KOERI
2025-11-19T05:52:32,40.7538,33.6405,5.4,2.0,ML,,2.0,,,BASEGMEZ (CANKIRI),KOERI
2025-11-19T05:45:06,39.1957,28.158,13.9,2.3,ML,,2.3,,,YAYLACIK-SINDIRGI (BALIKESIR),KOERI
2025-11-19T05:32:34,39.218,28.1227,11.4,1.4,ML,,1.4,,,BAYIRLI-SINDIRGI (BALIKESIR),KOERI
2025-11-19T05:28:57,39.1527,28.125,13.8,1.3,ML,,1.3,,,SINANDEDE-SINDIRGI (BALIKESIR),KOERI
2025-11-19T05:24:42,39.1638,28.1558,21.1,1.2,ML,,1.2,,,SINANDEDE-SINDIRGI (BALIKESIR),KOERI
2025-11-19T05:09:18,40.8418,31.6458,5.1,2.1,ML,,2.1,,,CUKUROREN (BOLU),KOERI
2025-11-19T05:08:58,39.2162,28.0635,11.8,1.6,ML,,1.6,,,ALAKIR-SINDIRGI (BALIKESIR),KOERI
2025-11-19T05:06:08,34.7805,32.4943,12.1,2.0,ML,,2.0,,,AKDENIZ,KOERI
2025-11-19T05:01:44,35.2368,29.57,88.7,2.8,ML,,2.8,,,AKDENIZ,KOERI
2025-11-19T04:37:03,39.2205,28.1313,11.0,1.7,ML,,1.7,,,MANDIRA-SINDIRGI (BALIKESIR),KOERI
2025-11-19T04:29:26,39.1732,28.3492,10.0,1.4,ML,,1.4,,,KUCUKDAGDERE-SINDIRGI (BALIKESIR),KOERI
2025-11-19T04:02:51,39.0877,28.3408,10.8,1.1,ML,,1.1,,,KOBAKLAR-GORDES (MANISA),KOERI
2025-11-19T03:58:10,39.1622,28.2363,21.4,1.2,ML,,1.2,,,BAYRAKLI-SINDIRGI (BALIKESIR),KOERI
2025-11-19T03:57:48,39.1318,28.2233,18.7,1.0,ML,,1.0,,,BAYRAKLI-SINDIRGI (BALIKESIR),KOERI
2025-11-19T03:56:24,37.8858,27.1872,21.3,1.5,ML,,1.5,,,KUSADASI KORFEZI (EGE DENIZI),KOERI
2025-11-19T03:48:57,37.6935,35.4275,5.4,1.7,ML,,1.7,,,KUP-ALADAG (ADANA),KOERI
2025-11-19T03:44:20,39.17,28.153,14.8,1.8,ML,,1.8,,,SINANDEDE-SINDIRGI (BALIKESIR),KOERI
2025-11-19T03:42:47,39.1633,28.2653,9.8,1.5,ML,,1.5,,,ISIKLAR-SINDIRGI (BALIKESIR),KOERI
2025-11-19T03:27:50,37.6703,36.5833,6.9,1.3,ML,,1.3,,,CINARPINAR (KAHRAMANMARAS),KOERI
2025-11-19T03:27:24,39.1895,29.0025,9.6,1.2,ML,,1.2,,,EGIRLER-SIMAV (KUTAHYA),KOERI
2025-11-19T03:23:47,39.2007,28.2008,15.2,1.5,ML,,1.5,,,YAYLACIK-SINDIRGI (BALIKESIR),KOERI
2025-11-19T03:20:39,39.2417,29.0412,11.4,1.4,ML,,1.4,,,KATRANDAGI-EMET (KUTAHYA),KOERI
2025-11-19T03:11:55,39.189,28.3093,7.4,1.3,ML,,1.3,,,BUYUKDAGDERE-SINDIRGI (BALIKESIR),KOERI
2025-11-19T03:03:31,39.0695,28.2545,3.3,1.4,ML,,1.4,,,DUTLUCA-GORDES (MANISA),KOERI
2025-11-19T02:25:14,39.1988,28.1478,7.9,1.7,ML,,1.7,,,ORMANICI-SINDIRGI (BALIKESIR),KOERI
2025-11-19T02:16:31,39.157,28.0222,12.4,1.5,ML,,1.5,,,SOGUTLU-AKHISAR (MANISA),KOERI
2025-11-19T02:11:15,39.1252,28.1222,11.6,1.3,ML,,1.3,,,SINANDEDE-SINDIRGI (BALIKESIR),KOERI
2025-11-19T02:07:36,38.1142,37.1402,4.9,1.6,ML,,1.6,,,GUPLUCE-ELBISTAN (KAHRAMANMARAS),KOERI
2025-11-19T02:04:50,39.0577,28.2503,11.5,2.6,ML,,2.6,,,DUTLUCA-GORDES (MANISA),KOERI
2025-11-19T02:02:17,38.369,37.4448,5.3,1.7,ML,,1.7,,,YALINTAS-ELBISTAN (KAHRAMANMARAS),KOERI
2025-11-19T01:57:21,38.1575,38.5707,7.4,2.0,ML,,2.0,,,ULUKOY (MALATYA),KOERI
2025-11-19T01:46:13,39.1793,28.1465,12.0,1.5,ML,,1.5,,,SINANDEDE-SINDIRGI (BALIKESIR),KOERI
2025-11-19T01:26:17,38.1228,37.197,12.4,1.5,ML,,1.5,,,GUPLUCE-ELBISTAN (KAHRAMANMARAS),KOERI
2025-11-19T01:23:33,39.151,28.3338,7.8,1.6,ML,,1.6,,,KUCUKDAGDERE-SINDIRGI (BALIKESIR),KOERI
2025-11-19T01:15:40,37.9502,37.6142,5.6,1.5,ML,,1.5,,,KAPIDERE-DOGANSEHIR (MALATYA),KOERI
2025-11-19T01:10:02,35.0208,32.1217,5.0,2.6,ML,,2.6,,,AKDENIZ,KOERI
2025-11-19T01:08:47,36.6252,25.662,1.6,1.9,ML,,1.9,,,EGE DENIZI,KOERI
2025-11-19T00:44:46,39.1818,28.1673,9.8,1.5,ML,,1.5,,,SINANDEDE-SINDIRGI (BALIKESIR),KOERI
2025-11-19T00:40:38,39.1812,28.1653,9.8,2.5,ML,,2.5,,,SINANDEDE-SINDIRGI (BALIKESIR),KOERI
2025-11-19T00:33:37,39.2117,28.1528,11.0,2.1,ML,,2.1,,,YAYLACIK-SINDIRGI (BALIKESIR),KOERI
2025-11-19T00:00:52,39.2317,29.0028,11.1,1.9,ML,,1.9,,,YEMISLI-SIMAV (KUTAHYA),KOERI
2025-11-18T23:57:46,39.2,28.1043,8.7,1.5,ML,,1.5,,,KERTIL-SINDIRGI (BALIKESIR),KOERI
2025-11-18T23:44:50,37.9748,27.0888,6.2,2.7,ML,,2.7,,,KUSADASI KORFEZI (EGE DENIZI),KOERI
2025-11-18T23:44:06,37.9758,27.1262,13.7,3.6,ML,,3.6,3.6,,KUSADASI KORFEZI (EGE DENIZI),KOERI
2025-11-18T23:31:30,39.1848,28.1867,9.3,2.0,ML,,2.0,,,AKTAS-SINDIRGI (BALIKESIR),KOERI
2025-11-18T23:24:54,39.1603,28.298,11.5,2.2,ML,,2.2,,,ISIKLAR-SINDIRGI (BALIKESIR),KOERI
2025-11-18T23:22:52,39.1513,28.1602,9.5,1.5,ML,,1.5,,,SINANDEDE-SINDIRGI (BALIKESIR),KOERI
2025-11-18T23:20:25,39.2087,28.1465,7.6,1.4,ML,,1.4,,,YAYLACIK-SINDIRGI (BALIKESIR),KOERI
2025-11-18T23:06:49,40.6665,33.5098,3.5,2.0,ML,,2.0,,,KARATEKIN-KORGUN (CANKIRI),KOERI
2025-11-18T22:59:08,39.1227,28.1317,11.3,1.4,ML,,1.4,,,SINANDEDE-SINDIRGI (BALIKESIR),KOERI
2025-11-18T22:32:41,34.5877,32.341,8.3,2.3,ML,,2.3,,,AKDENIZ,KOERI
2025-11-18T22:10:03,39.1593,28.2393,9.1,1.7,ML,,1.7,,,BAYRAKLI-SINDIRGI (BALIKESIR),KOERI
2025-11-18T21:40:50,39.1905,28.2405,8.0,1.4,ML,,1.4,,,ILICA-SINDIRGI (BALIKESIR),KOERI
2025-11-18T21:25:38,39.1675,28.2867,13.4,1.8,ML,,1.8,,,ISIKLAR-SINDIRGI (BALIKESIR),KOERI
2025-11-18T21:23:05,38.2063,38.619,7.2,1.5,ML,,1.5,,,SOGUTLU-PUTURGE (MALATYA),KOERI
2025-11-18T21:08:32,39.206,28.1578,8.6,1.6,ML,,1.6,,,YAYLACIK-SINDIRGI (BALIKESIR),KOERI
2025-11-18T21:00:46,39.229,28.1778,9.8,1.5,ML,,1.5,,,SINDIRGI (BALIKESIR),KOERI
2025-11-18T20:53:56,37.9232,36.3303,5.0,2.6,ML,,2.6,,,HACIKODAL-GOKSUN (KAHRAMANMARAS),KOERI
2025-11-18T20:49:20,39.0572,28.244,12.5,2.8,ML,,2.8,,,DUTLUCA-GORDES (MANISA),KOERI
2025-11-18T20:18:49,34.6542,32.7898,9.2,2.2,ML,,2.2,,,AKDENIZ,KOERI
2025-11-18T20:12:07,39.2272,28.083,10.1,1.9,ML,,1.9,,,KOZLU-SINDIRGI (BALIKESIR),KOERI
2025-11-18T20:08:34,39.1112,28.3212,13.7,1.5,ML,,1.5,,,YUREGIL-SINDIRGI (BALIKESIR),KOERI
2025-11-18T19:41:05,40.8427,28.7122,12.1,3.0,ML,,3.0,,,AVCILAR ACIKLARI-ISTANBUL (MARMARA DENIZI),KOERI
2025-11-18T19:35:10,39.1697,28.3482,12.7,1.4,ML,,1.4,,,KUCUKDAGDERE-SINDIRGI (BALIKESIR),KOERI
2025-11-18T19:17:38,36.9925,35.8247,18.5,1.3,ML,,1.3,,,CEYHAN (ADANA),KOERI
2025-11-18T19:10:59,39.187,28.173,10.1,2.6,ML,,2.6,,,YAYLACIK-SINDIRGI (BALIKESIR),KOERI
2025-11-18T19:07:53,39.2053,28.1842,4.9,1.3,ML,,1.3,,,YAYLACIK-SINDIRGI (BALIKESIR),KOERI
2025-11-18T18:25:05,39.2287,28.0363,10.6,1.3,ML,,1.3,,,ALAKIR-SINDIRGI (BALIKESIR),KOERI
2025-11-18T18:24:32,39.2238,28.1163,12.1,2.1,ML,,2.1,,,BAYIRLI-SINDIRGI (BALIKESIR),KOERI
2025-11-18T17:21:33,39.1592,28.2877,9.4,2.1,ML,,2.1,,,ISIKLAR-SINDIRGI (BALIKESIR),KOERI
2025-11-18T17:02:25,39.1718,28.1818,8.4,2.6,ML,,2.6,,,AKTAS-SINDIRGI (BALIKESIR),KOERI
2025-11-18T17:00:58,40.8575,28.7583,20.5,1.8,ML,,1.8,,,AVCILAR ACIKLARI-ISTANBUL (MARMARA DENIZI),KOERI
2025-11-18T16:47:34,39.1918,28.193,19.6,2.1,ML,,2.1,,,YAYLACIK-SINDIRGI (BALIKESIR),KOERI
2025-11-18T16:34:36,39.2573,28.138,7.5,2.6,ML,,2.6,,,IBILLER-SINDIRGI (BALIKESIR),KOERI
2025-11-18T16:16:29,40.8513,28.7397,16.8,2.4,ML,,2.4,,,AVCILAR ACIKLARI-ISTANBUL (MARMARA DENIZI),KOERI
2025-11-18T16:14:40,39.2363,41.6055,4.6,2.7,ML,,2.7,,,GORGU-VARTO (MUS),KOERI
2025-11-18T15:57:17,39.0835,28.1023,18.2,1.1,ML,,1.1,,,HANPASA-AKHISAR (MANISA),KOERI
2025-11-18T15:39:37,39.1858,28.3352,14.3,1.4,ML,,1.4,,,BUYUKDAGDERE-SINDIRGI (BALIKESIR),KOERI
2025-11-18T15:11:31,39.1855,27.9415,7.7,1.6,ML,,1.6,,,AKKOCALI-AKHISAR (MANISA),KOERI
2025-11-18T15:05:18,39.0915,28.07,4.9,1.5,ML,,1.5,,,KOCAKAGAN-AKHISAR (MANISA),KOERI
2025-11-18T15:02:22,39.2457,28.0813,11.2,2.4,ML,,2.4,,,KOZLU-SINDIRGI (BALIKESIR),KOERI
2025-11-18T14:55:48,39.154,28.3032,13.3,1.9,ML,,1.9,,,KUCUKDAGDERE-SINDIRGI (BALIKESIR),KOERI
2025-11-18T14:45:19,39.2045,28.0997,7.7,1.5,ML,,1.5,,,KERTIL-SINDIRGI (BALIKESIR),KOERI
2025-11-18T14:10:00,39.2317,28.0978,17.5,1.6,ML,,1.6,,,KOZLU-SINDIRGI (BALIKESIR),KOERI
2025-11-18T14:09:39,39.2293,28.1028,5.3,1.6,ML,,1.6,,,BAYIRLI-SINDIRGI (BALIKESIR),KOERI
2025-11-18T14:04:55,39.1722,28.1757,8.2,2.0,ML,,2.0,,,AKTAS-SINDIRGI (BALIKESIR),KOERI
2025-11-18T13:51:09,38.9757,34.3105,6.0,1.8,ML,,1.8,,,KUCUKKAVAK-MUCUR (KIRSEHIR),KOERI
2025-11-18T13:36:28,39.13,28.3165,13.0,1.8,ML,,1.8,,,YUREGIL-SINDIRGI (BALIKESIR),KOERI
2025-11-18T13:27:22,39.2308,29.0497,7.8,1.8,ML,,1.8,,,KATRANDAGI-EMET (KUTAHYA),KOERI
2025-11-18T13:23:41,39.2197,28.1602,7.9,2.1,ML,,2.1,,,YAYLACIK-SINDIRGI (BALIKESIR),KOERI
2025-11-18T13:13:24,39.1998,28.1073,4.9,1.7,ML,,1.7,,,KERTIL-SINDIRGI (BALIKESIR),KOERI
2025-11-18T13:12:16,39.1155,27.9967,13.5,1.6,ML,,1.6,,,SARILAR-AKHISAR (MANISA),KOERI
2025-11-18T12:56:30,39.1098,28.2825,5.4,1.0,ML,,1.0,,,YUREGIL-SINDIRGI (BALIKESIR),KOERI
2025-11-18T12:55:11,39.2633,28.0602,5.5,1.0,ML,,1.0,,,ALACAATLI-SINDIRGI (BALIKESIR),KOERI
2025-11-18T12:52:53,39.452,28.1077,6.4,1.7,ML,,1.7,,,KADIKOY-BIGADIC (BALIKESIR),KOERI
2025-11-18T12:47:21,39.1648,28.2257,9.6,2.3,ML,,2.3,,,BAYRAKLI-SINDIRGI (BALIKESIR),KOERI
2025-11-18T12:28:39,39.2172,28.115,17.3,1.7,ML,,1.7,,,BAYIRLI-SINDIRGI (BALIKESIR),KOERI
2025-11-18T12:13:30,37.9923,28.0328,4.6,1.1,ML,,1.1,,,CAYIRKOY-ODEMIS (IZMIR),KOERI
2025-11-18T12:05:50,39.187,28.1332,12.5,2.0,ML,,2.0,,,ORMANICI-SINDIRGI (BALIKESIR),KOERI
2025-11-18T12:05:28,39.1583,28.1225,14.5,1.6,ML,,1.6,,,SINANDEDE-SINDIRGI (BALIKESIR),KOERI
2025-11-18T11:52:07,39.118,28.3382,5.4,1.2,ML,,1.2,,,YUREGIL-SINDIRGI (BALIKESIR),KOERI
2025-11-18T11:28:37,39.2382,28.0028,7.9,1.2,ML,,1.2,,,KIZILGUR-SINDIRGI (BALIKESIR),KOERI
2025-11-18T11:23:02,39.1897,28.1643,4.7,1.4,ML,,1.4,,,YAYLACIK-SINDIRGI (BALIKESIR),KOERI
2025-11-18T11:16:20,39.2043,28.2587,11.6,3.2,ML,,3.2,,,ILICA-SINDIRGI (BALIKESIR),KOERI
2025-11-18T10:47:48,39.2343,28.1655,10.8,1.8,ML,,1.8,,,SINDIRGI (BALIKESIR),KOERI
2025-11-18T10:37:58,39.216,28.16,7.9,1.8,ML,,1.8,,,YAYLACIK-SINDIRGI (BALIKESIR),KOERI
2025-11-18T10:22:00,39.3532,40.6723,17.7,2.0,ML,,2.0,,,DINARBEY-YEDISU (BINGOL),KOERI
2025-11-18T10:15:04,39.2017,28.161,11.9,1.6,ML,,1.6,,,YAYLACIK-SINDIRGI (BALIKESIR),KOERI
2025-11-18T10:04:49,39.176,28.2643,15.0,1.5,ML,,1.5,,,ISIKLAR-SINDIRGI (BALIKESIR),KOERI
2025-11-18T09:56:49,39.1942,28.2533,15.0,1.4,ML,,1.4,,,ILICA-SINDIRGI (BALIKESIR),KOERI
2025-11-18T09:14:42,39.2308,28.1437,11.9,2.3,ML,,2.3,,,MANDIRA-SINDIRGI (BALIKESIR),KOERI
2025-11-18T09:09:15,39.1668,28.9993,24.7,1.3,ML,,1.3,,,KARACAOREN-SIMAV (KUTAHYA),KOERI
2025-11-18T09:02:21,39.2982,28.9517,5.4,1.1,ML,,1.1,,,YAVU-SIMAV (KUTAHYA),KOERI
2025-11-18T08:55:49,39.22,28.1732,6.8,1.5,ML,,1.5,,,YAYLACIK-SINDIRGI (BALIKESIR),KOERI
2025-11-18T08:33:43,39.2305,28.1443,7.9,1.5,ML,,1.5,,,MANDIRA-SINDIRGI (BALIKESIR),KOERI
2025-11-18T08:17:07,39.1573,28.1637,8.8,1.6,ML,,1.6,,,SINANDEDE-SINDIRGI (BALIKESIR),KOERI
2025-11-18T08:13:33,39.2175,28.2013,7.1,1.6,ML,,1.6,,,PURSUNLER-SINDIRGI (BALIKESIR),KOERI
2025-11-18T08:04:22,39.258,29.0105,5.1,1.0,ML,,1.0,,,YESILDERE-SIMAV (KUTAHYA),KOERI
2025-11-18T07:53:07,39.2133,28.113,10.1,1.3,ML,,1.3,,,KERTIL-SINDIRGI (BALIKESIR),KOERI
2025-11-18T07:47:07,39.1685,28.2358,9.2,2.3,ML,,2.3,,,BAYRAKLI-SINDIRGI (BALIKESIR),KOERI
2025-11-18T07:46:03,39.1712,28.232,8.5,2.2,ML,,2.2,,,BAYRAKLI-SINDIRGI (BALIKESIR),KOERI
2025-11-18T07:42:10,39.0768,28.2413,12.8,1.8,ML,,1.8,,,CICEKLI-GORDES (MANISA),KOERI
2025-11-18T07:41:19,37.8938,36.6343,9.1,1.9,ML,,1.9,,,TEKIR (KAHRAMANMARAS),KOERI
2025-11-18T07:31:45,39.2412,28.9307,3.3,2.2,ML,,2.2,,,YENILER-SIMAV (KUTAHYA),KOERI
2025-11-18T07:27:04,39.2493,28.9318,7.0,3.0,ML,,3.0,,,YENILER-SIMAV (KUTAHYA),KOERI
2025-11-18T07:08:40,39.2287,28.1247,6.3,1.7,ML,,1.7,,,BAYIRLI-SINDIRGI (BALIKESIR),KOERI
2025-11-18T07:02:15,39.2323,28.148,9.0,2.8,ML,,2.8,,,MANDIRA-SINDIRGI (BALIKESIR),KOERI
2025-11-18T06:57:32,40.6352,32.337,5.6,1.8,ML,,1.8,,,AKTAS-GEREDE (BOLU),KOERI
2025-11-18T06:36:59,38.0543,37.5442,3.3,1.7,ML,,1.7,,,TATLAR-NURHAK (KAHRAMANMARAS),KOERI
2025-11-18T06:36:26,39.1992,28.1663,10.5,1.5,ML,,1.5,,,YAYLACIK-SINDIRGI (BALIKESIR),KOERI
2025-11-18T06:32:35,34.6623,32.7977,13.2,3.0,ML,,3.0,,,AKDENIZ,KOERI
2025-11-18T06:22:23,34.5083,32.5922,7.5,2.5,ML,,2.5,,,AKDENIZ,KOERI
2025-11-18T06:21:23,38.0923,36.4975,4.5,2.2,ML,,2.2,,,MAHMUTBEY-GOKSUN (KAHRAMANMARAS),KOERI
2025-11-18T06:18:25,39.21,28.1435,9.8,2.0,ML,,2.0,,,MANDIRA-SINDIRGI (BALIKESIR),KOERI
2025-11-18T06:09:21,39.2148,28.1602,8.4,1.5,ML,,1.5,,,YAYLACIK-SINDIRGI (BALIKESIR),KOERI
2025-11-18T06:04:32,39.3657,28.0127,8.2,1.9,ML,,1.9,,,HAMIDIYE-BIGADIC (BALIKESIR),KOERI
2025-11-18T05:36:37,39.226,28.1468,8.0,1.3,ML,,1.3,,,MANDIRA-SINDIRGI (BALIKESIR),KOERI
2025-11-18T05:30:46,39.1935,28.173,9.9,1.6,ML,,1.6,,,YAYLACIK-SINDIRGI (BALIKESIR),KOERI
2025-11-18T05:29:29,39.2808,28.3183,6.3,1.5,ML,,1.5,,,KEPEZ-SINDIRGI (BALIKESIR),KOERI
2025-11-18T05:28:05,39.1865,28.1683,14.7,1.2,ML,,1.2,,,SINANDEDE-SINDIRGI (BALIKESIR),KOERI
2025-11-18T05:26:16,39.1908,28.1573,14.1,2.1,ML,,2.1,,,SINANDEDE-SINDIRGI (BALIKESIR),KOERI
2025-11-18T05:22:22,39.2367,28.1288,9.1,1.4,ML,,1.4,,,BAYIRLI-SINDIRGI (BALIKESIR),KOERI
2025-11-18T05:15:44,37.2827,37.0163,6.2,1.5,ML,,1.5,,,AKDEMIR-PAZARCIK (KAHRAMANMARAS),KOERI
2025-11-18T05:14:15,39.2282,28.1858,6.4,1.4,ML,,1.4,,,SINDIRGI (BALIKESIR),KOERI
2025-11-18T05:13:17,39.2012,28.288,12.2,1.5,ML,,1.5,,,ASLANDEDE-SINDIRGI (BALIKESIR),KOERI
2025-11-18T05:11:26,39.213,28.1737,9.5,2.3,ML,,2.3,,,YAYLACIK-SINDIRGI (BALIKESIR),KOERI
2025-11-18T05:01:56,39.209,28.1458,8.1,3.0,ML,,3.0,,,YAYLACIK-SINDIRGI (BALIKESIR),KOERI
2025-11-18T05:00:42,39.2158,28.1493,9.1,2.9,ML,,2.9,,,MANDIRA-SINDIRGI (BALIKESIR),KOERI
2025-11-18T04:54:56,39.2248,28.1547,11.5,1.5,ML,,1.5,,,MANDIRA-SINDIRGI (BALIKESIR),KOERI
2025-11-18T04:48:48,39.2062,28.2017,13.3,1.4,ML,,1.4,,,YAYLACIK-SINDIRGI (BALIKESIR),KOERI
2025-11-18T04:45:49,39.1978,28.1597,10.6,3.2,ML,,3.2,2.9,,YAYLACIK-SINDIRGI (BALIKESIR),KOERI
2025-11-18T04:38:22,36.0273,27.2052,5.5,1.8,ML,,1.8,,,EGE DENIZI,KOERI
2025-11-18T04:35:02,40.3743,27.4983,15.4,1.3,ML,,1.3,,,GUVEMALANI-BIGA (CANAKKALE),KOERI
2025-11-18T04:21:42,39.2113,28.1478,11.7,1.4,ML,,1.4,,,YAYLACIK-SINDIRGI (BALIKESIR),KOERI
2025-11-18T04:07:23,39.2408,28.0987,8.5,2.0,ML,,2.0,,,KOZLU-SINDIRGI (BALIKESIR),KOERI
2025-11-18T04:02:22,39.21,28.1648,10.7,1.3,ML,,1.3,,,YAYLACIK-SINDIRGI (BALIKESIR),KOERI
2025-11-18T03:54:18,38.4462,30.538,11.6,1.2,ML,,1.2,,,BALCIKHISAR-SUHUT (AFYONKARAHISAR),KOERI
2025-11-18T03:50:19,39.1943,28.3145,7.6,1.7,ML,,1.7,,,BUYUKDAGDERE-SINDIRGI (BALIKESIR),KOERI
2025-11-18T03:25:06,39.0223,24.3602,2.2,3.3,ML,,3.3,,,EGE DENIZI,KOERI
2025-11-18T03:22:37,38.975,24.1867,5.0,3.6,ML,,3.5,3.6,,YUNANISTAN,KOERI
2025-11-18T03:11:29,39.2323,28.0635,13.1,1.3,ML,,1.3,,,ALAKIR-SINDIRGI (BALIKESIR),KOERI
2025-11-18T03:09:56,39.223,28.1393,11.4,1.5,ML,,1.5,,,MANDIRA-SINDIRGI (BALIKESIR),KOERI
2025-11-18T03:06:58,39.3855,28.0505,6.3,2.7,ML,,2.7,,,CEKIRDEKLI-BIGADIC (BALIKESIR),KOERI
2025-11-18T03:05:24,39.3752,28.0375,7.5,1.7,ML,,1.7,,,CEKIRDEKLI-BIGADIC (BALIKESIR),KOERI
2025-11-18T03:04:49,39.2307,28.1858,7.8,1.7,ML,,1.7,,,SINDIRGI (BALIKESIR),KOERI
2025-11-18T02:55:47,39.1842,28.226,12.4,1.0,ML,,1.0,,,ILICA-SINDIRGI (BALIKESIR),KOERI
2025-11-18T02:53:59,39.1958,28.172,8.8,2.0,ML,,2.0,,,YAYLACIK-SINDIRGI (BALIKESIR),KOERI
2025-11-18T02:53:34,39.2027,28.1612,10.1,2.4,ML,,2.4,,,YAYLACIK-SINDIRGI (BALIKESIR),KOERI
2025-11-18T02:37:47,38.4838,26.371,14.2,2.3,ML,,2.3,,,DALYANKOY ACIKLARI-IZMIR (EGE DENIZI),KOERI
2025-11-18T02:23:52,39.172,28.1015,10.1,1.0,ML,,1.0,,,ORMANICI-SINDIRGI (BALIKESIR),KOERI
2025-11-18T02:23:21,39.081,28.3525,11.5,1.2,ML,,1.2,,,KOBAKLAR-GORDES (MANISA),KOERI
2025-11-18T01:47:41,39.0892,28.3528,4.8,1.2,ML,,1.2,,,KOBAKLAR-GORDES (MANISA),KOERI
2025-11-18T01:46:15,40.747,27.465,3.2,1.7,ML,,1.7,,,GUZELKOY ACIKLARI-TEKIRDAG (MARMARA DENIZI),KOERI
2025-11-18T01:46:11,39.5868,40.6712,1.8,1.1,ML,,1.1,,,YAYLIM-TERCAN (ERZINCAN),KOERI
2025-11-18T01:44:13,38.0105,31.066,16.2,1.4,ML,,1.4,,,YESILKOY-GELENDOST (ISPARTA),KOERI
2025-11-18T01:35:57,39.1712,27.9932,9.4,1.3,ML,,1.3,,,AKKOCALI-AKHISAR (MANISA),KOERI
2025-11-18T01:28:44,38.7978,28.387,22.8,1.4,ML,,1.4,,,KINIK-KOPRUBASI (MANISA),KOERI
2025-11-18T01:24:00,39.1983,28.0172,12.9,1.4,ML,,1.4,,,SAHINKAYA-SINDIRGI (BALIKESIR),KOERI
2025-11-18T01:12:58,39.1478,28.2535,14.1,1.4,ML,,1.4,,,BAYRAKLI-SINDIRGI (BALIKESIR),KOERI
2025-11-18T01:08:47,39.1572,28.232,10.3,1.4,ML,,1.4,,,BAYRAKLI-SINDIRGI (BALIKESIR),KOERI
2025-11-18T00:49:09,39.2595,28.1715,7.6,1.5,ML,,1.5,,,SINDIRGI (BALIKESIR),KOERI
2025-11-18T00:47:20,39.2253,28.109,8.4,1.4,ML,,1.4,,,BAYIRLI-SINDIRGI (BALIKESIR),KOERI
2025-11-18T00:45:51,39.1558,28.1975,18.0,1.0,ML,,1.0,,,AKTAS-SINDIRGI (BALIKESIR),KOERI
2025-11-18T00:22:11,39.2008,28.134,10.8,1.9,ML,,1.9,,,ORMANICI-SINDIRGI (BALIKESIR),KOERI
2025-11-18T00:18:40,40.2695,24.1268,6.7,3.3,ML,,3.3,,,YUNANISTAN,KOERI
2025-11-18T00:13:04,39.1993,28.1272,11.4,1.7,ML,,1.7,,,ORMANICI-SINDIRGI (BALIKESIR),KOERI
2025-11-18T00:04:08,39.0017,24.1938,8.7,4.7,ML,,4.7,4.7,,YUNANISTAN,KOERI
2025-11-17T23:57:08,39.218,28.1375,12.1,1.8,ML,,1.8,,,MANDIRA-SINDIRGI (BALIKESIR),KOERI
2025-11-17T23:49:07,37.1795,27.953,11.0,1.3,ML,,1.3,,,KARACAAGAC-MILAS (MUGLA),KOERI
2025-11-17T23:47:13,39.201,28.1747,8.7,1.6,ML,,1.6,,,YAYLACIK-SINDIRGI (BALIKESIR),KOERI
2025-11-17T23:14:33,39.1072,28.3145,10.8,1.6,ML,,1.6,,,YUREGIL-SINDIRGI (BALIKESIR),KOERI
2025-11-17T23:09:31,39.1913,28.1472,12.7,1.6,ML,,1.6,,,ORMANICI-SINDIRGI (BALIKESIR),KOERI
2025-11-17T23:04:15,37.9335,26.9533,6.2,2.8,ML,,2.8,,,KUSADASI KORFEZI (EGE DENIZI),KOERI
2025-11-17T22:45:03,39.2288,28.1242,7.9,1.7,ML,,1.7,,,BAYIRLI-SINDIRGI (BALIKESIR),KOERI
2025-11-17T22:23:23,39.1978,28.1798,10.0,2.3,ML,,2.3,,,YAYLACIK-SINDIRGI (BALIKESIR),KOERI
2025-11-17T22:08:07,39.1278,28.2657,11.0,1.3,ML,,1.3,,,YUREGIL-SINDIRGI (BALIKESIR),KOERI
2025-11-17T22:01:35,39.2278,28.1623,10.4,2.2,ML,,2.2,,,SINDIRGI (BALIKESIR),KOERI
2025-11-17T21:30:52,38.8885,28.3155,3.9,1.5,ML,,1.5,,,PINARBASI-GORDES (MANISA),KOERI
2025-11-17T21:14:25,39.1982,28.1437,9.1,1.4,ML,,1.4,,,ORMANICI-SINDIRGI (BALIKESIR),KOERI
2025-11-17T20:46:36,39.0332,28.2618,8.9,1.8,ML,,1.8,,,BEGEL-GORDES (MANISA),KOERI
2025-11-17T20:39:51,39.2307,28.9458,15.7,1.4,ML,,1.4,,,YENILER-SIMAV (KUTAHYA),KOERI
2025-11-17T20:23:19,39.2148,28.1233,6.9,1.7,ML,,1.7,,,BAYIRLI-SINDIRGI (BALIKESIR),KOERI
2025-11-17T19:50:58,39.2528,29.0437,5.6,2.0,ML,,2.0,,,KATRANDAGI-EMET (KUTAHYA),KOERI
2025-11-17T19:30:12,39.2318,28.166,11.7,2.3,ML,,2.3,,,SINDIRGI (BALIKESIR),KOERI
2025-11-17T19:26:07,39.2683,28.9345,4.6,2.2,ML,,2.2,,,KARAKOCA-SIMAV (KUTAHYA),KOERI
2025-11-17T18:22:15,39.2442,28.0405,16.3,1.4,ML,,1.4,,,ALAKIR-SINDIRGI (BALIKESIR),KOERI
2025-11-17T17:54:42,39.179,28.2227,9.3,1.7,ML,,1.7,,,AKTAS-SINDIRGI (BALIKESIR),KOERI
2025-11-17T17:50:17,39.1852,28.2315,14.4,2.9,ML,,2.9,,,ILICA-SINDIRGI (BALIKESIR),KOERI
2025-11-17T17:44:57,37.7317,36.0878,3.9,2.1,ML,,2.1,,,AKOLUK-FEKE (ADANA),KOERI
2025-11-17T17:31:23,39.074,28.1987,12.3,2.2,ML,,2.2,,,CICEKLI-GORDES (MANISA),KOERI
2025-11-17T17:27:46,38.2427,38.7542,5.0,1.9,ML,,1.9,,,BALPINARI-PUTURGE (MALATYA),KOERI
2025-11-17T17:21:15,39.1525,28.185,17.3,1.6,ML,,1.6,,,AKTAS-SINDIRGI (BALIKESIR),KOERI
2025-11-17T17:16:31,38.8123,42.4938,7.2,2.9,ML,,2.9,,,YUVADAMI-AHLAT (BITLIS),KOERI
2025-11-17T16:52:03,39.0865,28.3378,13.3,1.6,ML,,1.6,,,KOBAKLAR-GORDES (MANISA),KOERI
2025-11-17T16:48:58,39.1893,28.1448,10.3,2.4,ML,,2.4,,,ORMANICI-SINDIRGI (BALIKESIR),KOERI
2025-11-17T16:43:51,39.1585,28.0458,11.5,1.3,ML,,1.3,,,SOGUTLU-AKHISAR (MANISA),KOERI
2025-11-17T16:35:20,39.1882,28.174,7.8,2.0,ML,,2.0,,,YAYLACIK-SINDIRGI (BALIKESIR),KOERI
2025-11-17T16:05:06,39.2107,28.1318,9.4,1.7,ML,,1.7,,,MANDIRA-SINDIRGI (BALIKESIR),KOERI
2025-11-17T15:25:58,39.2102,28.164,7.1,2.7,ML,,2.7,,,YAYLACIK-SINDIRGI (BALIKESIR),KOERI
2025-11-17T15:22:52,39.0958,28.2458,18.9,1.6,ML,,1.6,,,KINIK-SINDIRGI (BALIKESIR),KOERI
2025-11-17T15:17:32,39.2013,28.1467,12.5,2.5,ML,,2.5,,,ORMANICI-SINDIRGI (BALIKESIR),KOERI
2025-11-17T15:08:50,39.0667,28.1163,2.9,1.2,ML,,1.2,,,HANPASA-AKHISAR (MANISA),KOERI
2025-11-17T15:05:29,39.2138,28.1913,9.6,1.7,ML,,1.7,,,YAYLACIK-SINDIRGI (BALIKESIR),KOERI
2025-11-17T15:00:20,39.2067,28.154,9.8,2.6,ML,,2.6,,,YAYLACIK-SINDIRGI (BALIKESIR),KOERI
2025-11-17T14:41:05,39.2315,28.96,12.9,2.5,ML,,2.5,,,YEMISLI-SIMAV (KUTAHYA),KOERI
2025-11-17T14:29:14,39.2178,28.1653,11.3,3.5,ML,,3.5,3.3,,YAYLACIK-SINDIRGI (BALIKESIR),KOERI
2025-11-17T14:20:18,39.2468,28.1078,5.6,1.3,ML,,1.3,,,KARAGUR-SINDIRGI (BALIKESIR),KOERI
2025-11-17T14:12:58,39.1618,28.19,10.1,1.5,ML,,1.5,,,AKTAS-SINDIRGI (BALIKESIR),KOERI
2025-11-17T14:04:40,39.184,28.1663,13.9,3.2,ML,,3.2,3.1,,SINANDEDE-SINDIRGI (BALIKESIR),KOERI
2025-11-17T13:52:41,39.2235,28.1768,7.5,1.9,ML,,1.9,,,SINDIRGI (BALIKESIR),KOERI
2025-11-17T13:51:19,39.1427,28.3303,9.4,1.4,ML,,1.4,,,KUCUKDAGDERE-SINDIRGI (BALIKESIR),KOERI
2025-11-17T13:45:45,39.1495,28.2017,13.1,2.5,ML,,2.5,,,AKTAS-SINDIRGI (BALIKESIR),KOERI
2025-11-17T13:28:54,39.2368,28.9652,14.0,0.9,ML,,0.9,,,YEMISLI-SIMAV (KUTAHYA),KOERI
2025-11-17T13:13:44,35.2398,33.6962,4.0,1.7,ML,,1.7,,,KIBRIS-ISKELE,KOERI
2025-11-17T13:12:09,39.1625,28.253,9.3,1.9,ML,,1.9,,,BAYRAKLI-SINDIRGI (BALIKESIR),KOERI
2025-11-17T13:10:25,39.1195,28.2265,22.6,1.4,ML,,1.4,,,KINIK-SINDIRGI (BALIKESIR),KOERI
2025-11-17T13:08:58,39.1672,28.3487,7.4,1.3,ML,,1.3,,,KUCUKDAGDERE-SINDIRGI (BALIKESIR),KOERI
2025-11-17T12:55:12,39.1317,28.2998,5.1,1.4,ML,,1.4,,,YUREGIL-SINDIRGI (BALIKESIR),KOERI
2025-11-17T12:49:50,39.1928,28.1607,10.1,1.7,ML,,1.7,,,YAYLACIK-SINDIRGI (BALIKESIR),KOERI
2025-11-17T12:38:58,39.2523,28.8473,5.1,0.8,ML,,0.8,,,KAYALIDERE-SIMAV (KUTAHYA),KOERI
2025-11-17T12:37:58,39.2013,28.9058,2.4,1.3,ML,,1.3,,,ORENLI-SIMAV (KUTAHYA),KOERI
2025-11-17T12:32:40,39.5255,28.02,10.6,1.4,ML,,1.4,,,CAGIS-BIGADIC (BALIKESIR),KOERI
2025-11-17T12:26:55,39.5893,25.974,4.0,2.6,ML,,2.6,,,GULPINAR ACIKLARI-CANAKKALE (EGE DENIZI),KOERI
2025-11-17T12:24:18,39.2218,28.1095,6.8,1.4,ML,,1.4,,,BAYIRLI-SINDIRGI (BALIKESIR),KOERI
2025-11-17T12:08:19,39.2377,28.9587,26.7,0.8,ML,,0.8,,,YEMISLI-SIMAV (KUTAHYA),KOERI
2025-11-17T11:58:54,39.5773,25.9938,3.4,1.8,ML,,1.8,,,GULPINAR ACIKLARI-CANAKKALE (EGE DENIZI),KOERI
2025-11-17T11:50:50,39.1498,28.2208,12.3,1.4,ML,,1.4,,,BAYRAKLI-SINDIRGI (BALIKESIR),KOERI
2025-11-17T11:23:05,39.0498,28.121,2.4,1.6,ML,,1.6,,,HANPASA-AKHISAR (MANISA),KOERI
2025-11-17T11:19:38,39.2212,28.1453,7.7,2.0,ML,,2.0,,,MANDIRA-SINDIRGI (BALIKESIR),KOERI
2025-11-17T11:18:45,39.1658,28.1573,9.6,2.0,ML,,2.0,,,SINANDEDE-SINDIRGI (BALIKESIR),KOERI
2025-11-17T11:18:03,39.5968,25.9673,4.9,1.4,ML,,1.4,,,GULPINAR ACIKLARI-CANAKKALE (EGE DENIZI),KOERI
2025-11-17T11:09:25,39.182,28.2058,10.7,2.5,ML,,2.5,,,AKTAS-SINDIRGI (BALIKESIR),KOERI
2025-11-17T10:52:20,35.7935,25.579,7.1,1.8,ML,,1.8,,,EGE DENIZI,KOERI
2025-11-17T10:33:18,39.2547,28.0807,4.8,1.1,ML,,1.1,,,ALACAATLI-SINDIRGI (BALIKESIR),KOERI
2025-11-17T10:30:52,39.1593,28.1668,11.3,1.5,ML,,1.5,,,SINANDEDE-SINDIRGI (BALIKESIR),KOERI
2025-11-17T10:16:12,39.244,28.056,6.6,1.4,ML,,1.4,,,ALAKIR-SINDIRGI (BALIKESIR),KOERI
2025-11-17T10:10:00,41.352,40.9782,5.7,2.1,ML,,2.1,,,PAZAR ACIKLARI-RIZE (KARADENIZ),KOERI
2025-11-17T10:05:57,39.1608,28.2877,9.1,1.5,ML,,1.5,,,ISIKLAR-SINDIRGI (BALIKESIR),KOERI
